INSERT INTO Editora (nome, endereco, contato) VALUES
    ('Editora ABC', 'Rua Principal, 123', '(11) 1234-5678'),
    ('Livros Inc.', 'Avenida Central, 456', '(22) 9876-5432'),
    ('Edições Modernas', 'Praça da Liberdade, 789', '(33) 5555-9999'),
    ('Publicações Rápidas', 'Rua das Artes, 321', '(44) 8765-4321'),
    ('Impressões Expressas', 'Avenida Comercial, 654', '(55) 1111-2222'),
    ('Edições Universais', 'Praça da Cultura, 987', '(66) 3333-4444'),
    ('Editora Global', 'Rua dos Livros, 789', '(77) 8888-9999'),
    ('Edições Especiais', 'Avenida Literária, 101', '(88) 1212-3434'),
    ('Livros Raros', 'Rua das Páginas, 222', '(99) 4545-6767'),
    ('Editora Imaginária', 'Praça dos Sonhos, 333', '(10) 3333-1010'),
    ('Edições Mágicas', 'Avenida da Imaginação, 444', '(20) 4040-2020'),
    ('Publicações Fantásticas', 'Rua das Maravilhas, 555', '(30) 5050-3030'),
    ('Edições do Futuro', 'Avenida das Inovações, 666', '(40) 6060-4040'),
    ('Editora Virtual', 'Rua Digital, 777', '(50) 7070-5050'),
    ('Edições Eletrônicas', 'Avenida da Tecnologia, 888', '(60) 8080-6060'),
    ('Publicações Online', 'Rua da Conectividade, 999', '(70) 9090-7070'),
    ('Edições Web', 'Avenida da Internet, 123', '(80) 1010-8080'),
    ('Editora Interativa', 'Rua das Redes, 456', '(90) 2020-9090'),
    ('Livros Digitais', 'Avenida dos Bits, 789', '(01) 3030-1010'),
    ('Edições 3D', 'Praça Virtual, 101', '(11) 4040-2020'),
    ('Publicações do Século XXII', 'Rua do Futuro, 121', '(22) 5050-3030'),
    ('Editora Holográfica', 'Avenida Holograma, 222', '(33) 6060-4040'),
    ('Edições do Espaço', 'Rua Galáctica, 333', '(44) 7070-5050'),
    ('Publicações Extraterrestres', 'Avenida Alienígena, 444', '(55) 8080-6060'),
    ('Edições Intergalácticas', 'Praça Cosmica, 555', '(66) 9090-7070'),
    ('Editora Celestial', 'Rua dos Astros, 666', '(77) 1010-8080'),
    ('Livros do Universo', 'Avenida Cósmica, 777', '(88) 2020-9090'),
    ('Edições Nebulosas', 'Praça Nebulosa, 888', '(99) 3030-1010');

INSERT INTO Autor (nome, biografia, data_nascimento) VALUES
('Agatha Christie', 'Foi uma escritora britânica, conhecida por seus romances policiais. Nasceu em Torquay, Inglaterra, em 15 de setembro de 1890.', '1890-09-15'),
('Gabriel Garcia Marquez', 'Foi um escritor colombiano, famoso por suas obras como "Cem Anos de Solidão". Nasceu em Aracataca, Colômbia, em 6 de março de 1927.', '1927-03-06'),
('Jane Austen', 'Foi uma romancista britânica, conhecida por obras como "Orgulho e Preconceito". Nasceu em Steventon, Inglaterra, em 16 de dezembro de 1775.', '1775-12-16'),
('Haruki Murakami', 'É um escritor japonês contemporâneo, aclamado por obras como "Norwegian Wood". Nasceu em Kyoto, Japão, em 12 de janeiro de 1949.', '1949-01-12'),
('Virginia Woolf', 'Foi uma escritora britânica modernista, autora de "Mrs Dalloway". Nasceu em Londres, Inglaterra, em 25 de janeiro de 1882.', '1882-01-25'),
('Fyodor Dostoevsky', 'Foi um romancista russo, conhecido por obras como "Crime e Castigo". Nasceu em Moscou, Rússia, em 11 de novembro de 1821.', '1821-11-11'),
('Chimamanda Ngozi Adichie', 'É uma escritora nigeriana, autora de "Meio Sol Amarelo". Nasceu em Enugu, Nigéria, em 15 de setembro de 1977.', '1977-09-15'),
('Mark Twain', 'Foi um escritor americano, conhecido por "As Aventuras de Tom Sawyer". Nasceu em Florida, Missouri, EUA, em 30 de novembro de 1835.', '1835-11-30'),
('Isabel Allende', 'É uma escritora chilena, autora de "A Casa dos Espíritos". Nasceu em Lima, Peru, em 2 de agosto de 1942.', '1942-08-02'),
('George Orwell', 'Foi um escritor inglês, famoso por "1984" e "A Revolução dos Bichos". Nasceu em Motihari, Índia, em 25 de junho de 1903.', '1903-06-25');

INSERT INTO Genero (nome, descricao) VALUES
('Ficção Científica', 'Livros que exploram mundos imaginários, avanços tecnológicos e futuros alternativos.'),
('Fantasia', 'Obras que envolvem elementos mágicos, criaturas místicas e mundos fantásticos.'),
('Romance', 'Narrativas centradas em relacionamentos amorosos e emocionais entre personagens.'),
('Mistério', 'Livros que envolvem suspense, intrigas e resolução de enigmas.'),
('Thriller', 'Narrativas emocionantes e cheias de suspense, muitas vezes relacionadas a crimes.'),
('Não Ficção', 'Livros baseados em fatos reais, como biografias, ensaios e livros de história.'),
('História', 'Obras que exploram eventos passados, culturas e sociedades.'),
('Autoajuda', 'Livros focados no desenvolvimento pessoal e autoaperfeiçoamento.'),
('Ciência', 'Livros que explicam conceitos científicos e descobertas.'),
('Biografia', 'Histórias da vida real de pessoas famosas ou notáveis.'),
('Aventura', 'Narrativas cheias de ação, viagens e desafios.'),
('Horror', 'Livros que buscam provocar medo e suspense no leitor.'),
('Poesia', 'Expressão artística por meio de versos e rimas.'),
('Humor', 'Livros destinados a fazer o leitor rir, muitas vezes por meio de comédia.'),
('Drama', 'Obras que exploram situações intensas e emocionais.'),
('Filosofia', 'Livros que exploram questões filosóficas e ideias abstratas.'),
('Educação', 'Livros que visam educar e transmitir conhecimento.'),
('Psicologia', 'Obras que abordam temas relacionados à mente humana e comportamento.'),
('Negócios', 'Livros sobre empreendedorismo, gestão e estratégias de negócios.');


-- Agatha Christie
INSERT INTO Livro (titulo, lancamento, editora, genero, num_copias) VALUES
    ('Assassinato no Expresso Oriente', '1934-01-01', 2, 'Mistério', 1),
    ('O Assassinato de Roger Ackroyd', '1926-06-06', 3, 'Mistério', 75),
    ('Morte no Nilo', '1937-11-01', 4, 'Mistério', 50);

-- Gabriel Garcia Marquez
INSERT INTO Livro (titulo, lancamento, editora, genero, num_copias) VALUES
    ('Cem Anos de Solidão', '1967-05-30', 5, 'Fantasia', 150),
    ('O Amor nos Tempos do Cólera', '1985-01-01', 6, 'Romance', 100),
    ('Crônica de uma Morte Anunciada', '1981-01-01', 7, 'Mistério', 80);

-- Jane Austen
INSERT INTO Livro (titulo, lancamento, editora, genero, num_copias) VALUES
    ('Orgulho e Preconceito', '1813-01-28', 8, 'Romance', 120),
    ('Razão e Sensibilidade', '1811-01-01', 9, 'Romance', 90),
    ('Emma', '1816-12-23', 10, 'Romance', 70);

-- Haruki Murakami
INSERT INTO Livro (titulo, lancamento, editora, genero, num_copias) VALUES
    ('Norwegian Wood', '1987-08-04', 11, 'Ficção Científica', 80),
    ('Kafka à Beira-Mar', '2002-01-01', 12, 'Fantasia', 60),
    ('1Q84', '2009-05-29', 13, 'Ficção Científica', 100);

-- Virginia Woolf
INSERT INTO Livro (titulo, lancamento, editora, genero, num_copias) VALUES
    ('Mrs Dalloway', '1925-05-14', 14, 'Drama', 90),
    ('Orlando', '1928-10-11', 15, 'Fantasia', 70),
    ('Para o Farol', '1927-05-05', 16, 'Romance', 50);

-- Fyodor Dostoevsky
INSERT INTO Livro (titulo, lancamento, editora, genero, num_copias) VALUES
    ('Crime e Castigo', '1866-01-01', 17, 'Drama', 110),
    ('Os Irmãos Karamazov', '1880-11-26', 18, 'Drama', 80),
    ('O Idiota', '1869-01-01', 19, 'Drama', 60);

-- Chimamanda Ngozi Adichie
INSERT INTO Livro (titulo, lancamento, editora, genero, num_copias) VALUES
    ('Meio Sol Amarelo', '2006-08-11', 20, 'Drama', 90),
    ('Americanah', '2023-11-25', 21, 'Romance', 70),
    ('Hibisco Roxo', '2003-01-01', 22, 'Romance', 50);

-- Mark Twain
INSERT INTO Livro (titulo, lancamento, editora, genero, num_copias) VALUES
    ('As Aventuras de Tom Sawyer', '1876-01-01', 23, 'Aventura', 80),
    ('As Aventuras de Huckleberry Finn', '1884-12-10', 24, 'Aventura', 60),
    ('O Príncipe e o Mendigo', '1881-01-01', 25, 'Aventura', 40);

-- Isabel Allende
INSERT INTO Livro (titulo, lancamento, editora, genero, num_copias) VALUES
    ('A Casa dos Espíritos', '1982-01-01', 26, 'Drama', 100),
    ('Eva Luna', '1987-01-01', 27, 'Romance', 70),
    ('Paula', '1994-01-01', 28, 'Biografia', 50);

-- George Orwell
INSERT INTO Livro (titulo, lancamento, editora, genero, num_copias) VALUES
    ('1984', '1949-06-08', 28, 'Ficção Científica', 120),
    ('A Revolução dos Bichos', '1945-08-17', 28, 'Drama', 90),
    ('Dentro da Baleia', '1939-01-01', 28, 'Não Ficção', 70);

INSERT INTO Cliente (cpf, nome, data_nascimento, data_registro) VALUES
    ('12345678901', 'João Silva', '1980-05-15', '2020-01-05'),
    ('23456789012', 'Maria Oliveira', '1992-09-23', '2020-02-12'),
    ('34567890123', 'Carlos Santos', '1985-03-10', '2020-03-20'),
    ('45678901234', 'Ana Souza', '1998-11-08', '2020-04-25'),
    ('56789012345', 'Lucas Pereira', '1975-07-18', '2020-05-30'),
    ('67890123456', 'Patrícia Lima', '1990-12-02', '2020-06-07'),
    ('78901234567', 'Felipe Costa', '1987-02-14', '2020-07-15'),
    ('89012345678', 'Camila Martins', '2000-06-30', '2020-08-22'),
    ('90123456789', 'Ricardo Ferreira', '1982-04-05', '2020-09-10'),
    ('01234567890', 'Laura Vieira', '1995-10-12', '2020-10-18'),
    ('12345098765', 'Fernanda Oliveira', '1988-08-27', '2020-11-25'),
    ('23456109876', 'Henrique Lima', '1993-01-03', '2020-12-02'),
    ('34567210987', 'Isabela Santos', '1984-06-20', '2021-01-09'),
    ('45678321098', 'Gustavo Martins', '1996-12-17', '2021-02-16'),
    ('56789432109', 'Amanda Pereira', '1983-03-25', '2021-03-23'),
    ('67890543210', 'Roberto Costa', '1991-09-02', '2021-04-30'),
    ('78901654321', 'Juliana Souza', '1979-11-09', '2021-05-07'),
    ('89012765432', 'César Oliveira', '1994-04-14', '2021-06-14'),
    ('90123876543', 'Natália Lima', '1986-07-31', '2021-07-21'),
    ('01234987654', 'Alexandre Santos', '1999-02-08', '2021-08-28'),
    ('12345098760', 'Carolina Vieira', '1981-10-24', '2021-09-04'),
    ('23456109871', 'Eduardo Costa', '1997-05-01', '2021-10-11'),
    ('34567210982', 'Gabriela Oliveira', '1989-08-08', '2021-11-18'),
    ('45678321093', 'Vinícius Martins', '1992-01-15', '2021-12-25'),
    ('56789432104', 'Sara Pereira', '1980-04-22', '2022-01-01'),
    ('67890543215', 'Daniel Lima', '1995-09-29', '2022-02-08'),
    ('78901654326', 'Larissa Santos', '1982-11-05', '2022-03-17'),
    ('89012765437', 'Fábio Costa', '1998-06-12', '2022-04-24'),
    ('90123876548', 'Mariana Souza', '1984-03-19', '2022-05-01'),
    ('01234987659', 'Pedro Oliveira', '1990-12-26', '2022-06-08'),
    ('90456372678', 'Pedro Oliveira', '2002-06-08', '2023-06-09');

-- Para Agatha Christie
INSERT INTO Escrito_por (autor, livro) VALUES
    (1, 1),  -- Agatha Christie escreveu "Assassinato no Expresso Oriente"
    (1, 2),  -- Agatha Christie escreveu "O Assassinato de Roger Ackroyd"
    (1, 3);  -- Agatha Christie escreveu "Morte no Nilo"

-- Para Gabriel Garcia Marquez
INSERT INTO Escrito_por (autor, livro) VALUES
    (2, 4),  -- Gabriel Garcia Marquez escreveu "Cem Anos de Solidão"
    (2, 5),  -- Gabriel Garcia Marquez escreveu "O Amor nos Tempos do Cólera"
    (2, 6);  -- Gabriel Garcia Marquez escreveu "Crônica de uma Morte Anunciada"

-- Para Jane Austen
INSERT INTO Escrito_por (autor, livro) VALUES
    (3, 7),  -- Jane Austen escreveu "Orgulho e Preconceito"
    (3, 8),  -- Jane Austen escreveu "Razão e Sensibilidade"
    (3, 9);  -- Jane Austen escreveu "Emma"

-- Para Haruki Murakami
INSERT INTO Escrito_por (autor, livro) VALUES
    (4, 10),  -- Haruki Murakami escreveu "Norwegian Wood"
    (4, 11),  -- Haruki Murakami escreveu "Kafka à Beira-Mar"
    (4, 12);  -- Haruki Murakami escreveu "1Q84"

-- Para Virginia Woolf
INSERT INTO Escrito_por (autor, livro) VALUES
    (5, 13),  -- Virginia Woolf escreveu "Mrs Dalloway"
    (5, 14),  -- Virginia Woolf escreveu "Orlando"
    (5, 15);  -- Virginia Woolf escreveu "Para o Farol"

-- Para Fyodor Dostoevsky
INSERT INTO Escrito_por (autor, livro) VALUES
    (6, 16),  -- Fyodor Dostoevsky escreveu "Crime e Castigo"
    (6, 17),  -- Fyodor Dostoevsky escreveu "Os Irmãos Karamazov"
    (6, 18);  -- Fyodor Dostoevsky escreveu "O Idiota"

-- Para Chimamanda Ngozi Adichie
INSERT INTO Escrito_por (autor, livro) VALUES
    (7, 19),  -- Chimamanda Ngozi Adichie escreveu "Meio Sol Amarelo"
    (7, 20),  -- Chimamanda Ngozi Adichie escreveu "Americanah"
    (7, 21);  -- Chimamanda Ngozi Adichie escreveu "Hibisco Roxo"

-- Para Mark Twain
INSERT INTO Escrito_por (autor, livro) VALUES
    (8, 22),  -- Mark Twain escreveu "As Aventuras de Tom Sawyer"
    (8, 23),  -- Mark Twain escreveu "As Aventuras de Huckleberry Finn"
    (8, 24);  -- Mark Twain escreveu "O Príncipe e o Mendigo"

-- Para Isabel Allende
INSERT INTO Escrito_por (autor, livro) VALUES
    (9, 25),  -- Isabel Allende escreveu "A Casa dos Espíritos"
    (9, 26),  -- Isabel Allende escreveu "Eva Luna"
    (9, 27);  -- Isabel Allende escreveu "Paula"

-- Para George Orwell
INSERT INTO Escrito_por (autor, livro) VALUES
    (10, 28),  -- George Orwell escreveu "1984"
    (10, 29),  -- George Orwell escreveu "A Revolução dos Bichos"
    (10, 30);  -- George Orwell escreveu "Dentro da Baleia"


INSERT INTO Historico (data_aluguel, data_devolucao, valor_pago, cliente, livro) VALUES
    ('2020-01-05', '2020-01-12', 15.50, '12345678901', 1),
    ('2020-02-12', '2020-02-19', 20.00, '23456789012', 2),
    ('2020-03-20', '2020-03-27', 12.75, '34567890123', 3),
    ('2020-04-25', '2020-05-02', 18.30, '45678901234', 4),
    ('2020-05-30', '2020-06-06', 25.00, '56789012345', 5),
    ('2020-06-07', '2020-06-14', 17.50, '67890123456', 6),
    ('2020-07-15', '2020-07-22', 22.75, '78901234567', 7),
    ('2020-08-22', '2020-08-29', 16.80, '89012345678', 8),
    ('2020-09-10', '2020-09-17', 19.90, '90123456789', 9),
    ('2020-10-18', '2020-10-25', 14.25, '01234567890', 10),
    ('2020-11-25', '2020-12-02', 21.30, '12345098765', 11),
    ('2020-12-02', '2020-12-09', 13.50, '23456109876', 12),
    ('2021-01-09', '2021-01-16', 19.75, '34567210987', 13),
    ('2021-02-16', '2021-02-23', 24.00, '45678321098', 14),
    ('2021-03-23', '2021-03-30', 16.50, '56789432109', 15),
    ('2021-04-30', '2021-05-07', 23.00, '67890543210', 16),
    ('2021-05-07', '2021-05-14', 15.25, '78901654321', 17),
    ('2021-06-14', '2021-06-21', 18.90, '89012765432', 18),
    ('2021-07-21', '2021-07-28', 26.50, '90123876543', 19),
    ('2021-08-28', NULL, 14.80, '01234987654', 20),
    ('2021-09-04', '2021-09-11', 22.00, '12345098765', 21),
    ('2021-10-11', '2021-10-18', 17.30, '23456109876', 22),
    ('2021-11-18', '2021-11-25', 20.50, '34567210987', 23),
    ('2021-12-25', '2022-01-01', 14.00, '45678321098', 24),
    ('2022-01-01', NULL, 18.75, '56789432109', 25),
    ('2022-02-08', '2022-02-15', 25.20, '67890543210', 26),
    ('2022-03-17', '2022-03-24', 16.90, '78901654321', 27),
    ('2022-04-24', '2022-05-01', 19.40, '89012765432', 28),
    ('2022-05-01', '2022-05-08', 13.75, '90123876543', 29),
    ('2022-06-08', NULL, 21.00, '01234987654', 30);


-- INSERT INTO Sobre (genero, livro) VALUES
-- ('Ficção Científica', 1),
-- ('Fantasia', 2),
-- ('Romance', 3),
-- ('Mistério', 4),
-- ('Thriller', 5),
-- ('Não Ficção', 6),
-- ('História', 7),
-- ('Autoajuda', 8),
-- ('Ciência', 9),
-- ('Biografia', 10),
-- ('Aventura', 11),
-- ('Horror', 12),
-- ('Poesia', 13),
-- ('Humor', 14),
-- ('Drama', 15),
-- ('Filosofia', 16),
-- ('Educação', 17),
-- ('Psicologia', 18),
-- ('Negócios', 19),
-- ('Ficção Científica', 20),
-- ('Fantasia', 21),
-- ('Romance', 22),
-- ('Mistério', 23),
-- ('Thriller', 24),
-- ('Não Ficção', 25),
-- ('História', 26),
-- ('Autoajuda', 27),
-- ('Ciência', 28),
-- ('Biografia', 29),
-- ('Aventura', 30);

-- INSERT INTO Livros_alugados (cliente, id_historico) 
-- SELECT 
--     h.cliente,
--     h.livro,
--     h.id
-- FROM Historico h
-- ORDER BY RANDOM()
-- LIMIT 60;